link,name,price
https://www.whiskyshop.com/velvet-fig-small-batch,Velvet Fig Small Batch,43.95
https://www.whiskyshop.com/laphroaig-16-year-old,Laphroaig 16 Year Old ,87.95
https://www.whiskyshop.com/balblair-2006-78-the-w-club-exclusive,Balblair 2006 #78,185.00
https://www.whiskyshop.com/fettercairn-16-year-old-1st-release,Fettercairn 16 Year Old 1st Release 2020 1 litre,99.99
https://www.whiskyshop.com/macphail-s-21-year-old-gordon-macphail,MacPhail's 21 Year Old Gordon &amp; MacPhail,125.00
https://www.whiskyshop.com/glenlivet-1979-39-year-old-cask-19236-g-m-archive,Glenlivet 1979 39 Year Old Gordon &amp; MacPhail Archive,"1,149.00"
https://www.whiskyshop.com/gordon-macphail-glen-grant-1966-45-year-old,Gordon &amp; Macphail Glen Grant 1966 45 Year Old,780.00
https://www.whiskyshop.com/gordon-macphail-glen-grant-1962-43-year-old-sherry-cask,Gordon &amp; Macphail Glen Grant 1962 43 Year Old Sherry Cask,"1,499.00"
https://www.whiskyshop.com/linkwood-1966-private-collection,Linkwood 1966 Private Collection,"6,500.00"
https://www.whiskyshop.com/old-pulteney-1982-private-collection,Old Pulteney 1982 Private Collection,"1,200.00"
https://www.whiskyshop.com/jura-1992-28-year-old-connoisseurs-choice,Jura 1992 28 Year Old Connoisseur's Choice,240.00
https://www.whiskyshop.com/glen-moray-warehouse-1-tokaji-finish,Glen Moray Warehouse 1 Tokaji Finish,74.95
https://www.whiskyshop.com/glen-scotia-dunnage-tasting-pack,Glen Scotia Dunnage Tasting Pack,50.00
https://www.whiskyshop.com/invergordon-50-year-old-that-boutique-y-whisky-company,Invergordon 50 Year Old That Boutique-y Whisky Company,349.95
https://www.whiskyshop.com/highland-single-malt-1-42-year-old-that-boutique-y-whisky-company,Highland Single Malt #1 42 Year Old That Boutique-y Whisky Company,399.95
https://www.whiskyshop.com/green-isle,Green Isle,29.95
https://www.whiskyshop.com/grace-ile-25-year-old-the-character-of-islay-whisky-company,Grace Ile 25 Year Old The Character of Islay Whisky Company,299.95
https://www.whiskyshop.com/fiona-macleod-33-year-old-the-character-of-islay-whisky-company,Fiona Macleod 33 Year Old The Character of Islay Whisky Company ,399.95
https://www.whiskyshop.com/darkness-inchfad-13-year-old-pedro-ximinez-cask,Darkness Inchfad 13 Year Old Pedro Ximénez Cask,64.95
https://www.whiskyshop.com/darkness-glen-elgin-12-year-old-moscatel-cask,Darkness Glen Elgin 12 Year Old Moscatel Cask,64.95
https://www.whiskyshop.com/darkness-deanston-20-year-old-palo-cortado,Darkness Deanston 20 Year Old Palo Cortado Cask,129.95
https://www.whiskyshop.com/darkness-dalmore-14-year-old-oloroso-cask,Darkness Dalmore 14 Year Old Oloroso Cask,128.95
https://www.whiskyshop.com/darkness-caperdonich-24-year-old-pedro-ximinez-cask,Darkness Caperdonich 24 Year Old Pedro Ximinez Cask,335.95
https://www.whiskyshop.com/darkness-benriach-7-year-old-oloroso-cask,Darkness Benriach 7 Year Old Oloroso Cask,49.95
https://www.whiskyshop.com/darkness-balmenach-18-year-old-moscatel-cask,Darkness Balmenach 18 Year Old Moscatel Cask,89.95
https://www.whiskyshop.com/darkness-aultmore-23-year-old-oloroso-cask,Darkness Aultmore 23 Year Old Oloroso Cask ,99.95
https://www.whiskyshop.com/darkness-auchroisk-21-year-old-moscatel-cask,Darkness Auchroisk 21 Year Old Moscatel Cask ,119.95
https://www.whiskyshop.com/rare-find-speyside-1982-39-year-old,Rare Find Speyside 1982 39 Year Old,385.00
https://www.whiskyshop.com/port-charlotte-pac-01-2001,Port Charlotte Pac: 01 2011,90.00
https://www.whiskyshop.com/loch-lomond-peated-single-grain,Loch Lomond Peated Single Grain,27.95
https://www.whiskyshop.com/glenmorangie-grand-vintage-malt-1993,Glenmorangie Grand Vintage Malt 1993,650.00
https://www.whiskyshop.com/personalised-famous-grouse,Personalised Famous Grouse,25.00
https://www.whiskyshop.com/aerstone-10-year-old-land-cask,Aerstone 10 Year Old Land Cask,30.00
https://www.whiskyshop.com/aerstone-10-year-old-sea-cask,Aerstone 10 Year Old Sea Cask ,30.00
https://www.whiskyshop.com/talisker-43-year-old-xpedition-oak,Talisker 43 Year Old Xpedition Oak,"3,500.00"
https://www.whiskyshop.com/arran-1996-736-the-whisky-shop-exclusive,Arran 1996 TWS Exclusive Single Cask #736,
https://www.whiskyshop.com/laphroaig-10-year-old-sherry-oak,Laphroaig 10 Year Old Sherry Oak Finish,65.00
https://www.whiskyshop.com/kilchoman-2012-sherry-cask-the-w-club-exclusive,Kilchoman 2012 Sherry Cask The W Club Exclusive,110.00
https://www.whiskyshop.com/glenturret-30-year-old,Glenturret 30 Year Old,"1,500.00"
https://www.whiskyshop.com/glenturret-15-year-old,Glenturret 15 Year Old,110.00
https://www.whiskyshop.com/glenturret-12-year-old,Glenturret 12 Year Old,64.95
https://www.whiskyshop.com/caol-ila-35-year-old-golden-cask,Golden Cask Caol Ila 35 Year Old,650.00
https://www.whiskyshop.com/longmorn-1987-33-year-old-connoisseurs-choice,Longmorn 1987 33 Year Old Connoisseur's Choice,840.00
https://www.whiskyshop.com/balmenach-1987-32-year-old-connoisseurs-choice,Balmenach 1987 32 Year Old Connoisseur's Choice,495.00
https://www.whiskyshop.com/strathisla-1987-33-year-old-connoisseurs-choice,Strathisla 1987 33 Year Old Connoisseur's Choice,750.00
https://www.whiskyshop.com/benrinnes-1990-30-year-old-connoisseurs-choice,Benrinnes 1990 30 Year Old Connoisseur's Choice,495.00
https://www.whiskyshop.com/benriach-21-year-old-the-twenty-one,Benriach 21 Year Old The Twenty One,145.00
https://www.whiskyshop.com/benriach-25-year-old,Benriach 25 Year Old The Twenty Five,325.00
https://www.whiskyshop.com/ancnoc-24-year-old,anCnoc 24 Year Old,120.00
https://www.whiskyshop.com/glendronach-26yo-1994-cask-4363-batch-18,GlenDronach 1994 26 Year Old Batch 18,444.00
https://www.whiskyshop.com/ledaig-sinclair-series-rioja-cask-finish,Ledaig Sinclair Series Rioja Cask Finish,33.94
https://www.whiskyshop.com/ancnoc-peatheart-batch-2,anCnoc Peatheart Batch 2,52.00
https://www.whiskyshop.com/arran-1999-225-thew-club-exclusive,Arran 1999 #225 The W Club Exclusive,
https://www.whiskyshop.com/benriach-the-smoke-season,Benriach Smoke Season,53.00
https://www.whiskyshop.com/glenkeir-treasures-secret-speyside-15-year-old,Glenkeir Treasures Secret Speyside 15 Year Old,55.00
https://www.whiskyshop.com/tamdhu-15-year-old,Tamdhu 15 Year Old,86.99
https://www.whiskyshop.com/tamdhu-12-year-old,Tamdhu 12 Year Old,47.99
https://www.whiskyshop.com/glengoyne-legacy-series-chapter-2,Glengoyne Legacy Series Chapter 2 ,69.99
https://www.whiskyshop.com/glengoyne-cask-strength-batch-8,Glengoyne Cask Strength Batch 8,74.99
https://www.whiskyshop.com/glengoyne-30-year-old,Glengoyne 30 Year Old,845.00
https://www.whiskyshop.com/glengoyne-25-year-old,Glengoyne 25 Year Old,395.00
https://www.whiskyshop.com/glengoyne-18-year-old,Glengoyne 18 Year Old,114.99
https://www.whiskyshop.com/glengoyne-12-year-old,Glengoyne 12 Year Old,44.99
https://www.whiskyshop.com/glengoyne-10-year-old,Glengoyne 10 Year Old,39.99
https://www.whiskyshop.com/monkey-shoulder,Monkey Shoulder ,30.89
https://www.whiskyshop.com/rare-find-tranquillity-1985-highland-single-malt,Rare Find Tranquillity 1985 Highland Single Malt,385.00
https://www.whiskyshop.com/loch-lomond-20-year-old-open-course-collection-royal-st-georges,Loch Lomond 20 Year Old Open Course Collection Royal St George’s,160.00
https://www.whiskyshop.com/johnnie-walker-blue-label-legendary-eight,Johnnie Walker Blue Label Legendary Eight,275.00
https://www.whiskyshop.com/aberlour-14-year-old-double-cask,Aberlour 14 Year Old Double Cask ,55.00
https://www.whiskyshop.com/macallan-12-year-old-double-cask-lunar-new-year-2021,Macallan 12 Year Old Double Cask - Lunar New Year 2021,180.00
https://www.whiskyshop.com/bunnahabhain-30-year-old,Bunnahabhain 30 Year Old,500.00
https://www.whiskyshop.com/balvenie-21-year-old-single-barrel,Balvenie 21 Year Old Single Barrel,218.00
https://www.whiskyshop.com/benromach-21-year-old,Benromach 21 Year Old,125.00
https://www.whiskyshop.com/john-walker-sons-king-george-v,John Walker &amp; Sons King George V,550.00
https://www.whiskyshop.com/paul-john-christmas-edition-2020,Paul John Christmas Edition 2020,64.95
https://www.whiskyshop.com/compass-box-magic-cask,Compass Box Magic Cask,142.99
https://www.whiskyshop.com/johnnie-walker-blue-label-chinese-new-year-2021-year-of-the-ox,Johnnie Walker Blue Label Chinese New Year 2021 - Year of the Ox,224.00
https://www.whiskyshop.com/balblair-1990-connoisseurs-choice,Balblair 1990 29 Year Old Connoisseur's Choice ,620.00
https://www.whiskyshop.com/benriach-2005-uk-exclusive-pedro-ximenez-cask-5278,Benriach 2005 UK Exclusive Pedro Ximenez Cask #5278,99.95
https://www.whiskyshop.com/benriach-2005-14-year-old-7553,Benriach 2005 UK Exclusive Peated Rum Cask #7553,120.00
https://www.whiskyshop.com/black-bottle-10-year-old,Black Bottle 10 Year Old,28.99
https://www.whiskyshop.com/deanston-10-year-old-bordeaux-red-wine-cask-finish,Deanston 10 Year Old Bordeaux Red Wine Cask Finish,60.00
https://www.whiskyshop.com/bowmore-18-year-old-wind-waves-11714,Character of Islay Bowmore 18 Year Old Wind &amp; Waves #11714,294.95
https://www.whiskyshop.com/the-singleton-of-glen-ord-38-year-old-epicurean-odyssey,The Singleton of Glen Ord 38 Year Old Epicurean Odyssey,"2,100.00"
https://www.whiskyshop.com/johnnie-walker-black-icon-200th-anniversary,Johnnie Walker Black Icon 200th Anniversary,31.99
https://www.whiskyshop.com/johnnie-walker-gold-icon-200th-anniversary,Johnnie Walker Gold Icon 200th Anniversary,
https://www.whiskyshop.com/drinks-by-the-dram-whisky-baubles,Drinks By The Dram Whisky Baubles ,39.95
https://www.whiskyshop.com/glenmorangie-12-year-old-malaga,Glenmorangie 12 Year Old Malaga,79.95
https://www.whiskyshop.com/compass-box-arcana,Compass Box Peat Monster Arcana,72.99
https://www.whiskyshop.com/ancnoc-2007-660,anCnoc 2007 #660,94.00
https://www.whiskyshop.com/glenallachie-2006-6620,GlenAllachie 2006 #6620,99.00
https://www.whiskyshop.com/bunnahabhain-1990-28-year-old-boat-captains-brew,Wemyss Malts Bunnahabhain 1990 28 Year Old Boat Captain's Brew,239.00
https://www.whiskyshop.com/bowmore-1988-31-year-old-candied-violets,Wemyss Malts Bowmore 1988 31 Year Old Candied Violets,560.00
https://www.whiskyshop.com/talisker-hot-chocolate-gift-set,Talisker 10 Year Old 20cl Hot Chocolate Gift Set,25.00
https://www.whiskyshop.com/talisker-exploration-gift-set,Talisker Exploration Gift Set 3x5cl,9.95
https://www.whiskyshop.com/catalog/product/view/id/9164/s/singleton-of-dufftown-12-year-old-tumbler-gift-set/,Singleton of Dufftown 12 Year Old Tumbler Gift Set,37.99
https://www.whiskyshop.com/johnnie-walker-blue-label-glass-gift-set,Johnnie Walker Blue Label Glass Gift Set,195.00
https://www.whiskyshop.com/johnnie-walker-black-label-glass-gift-set,Johnnie Walker Black Label Glass Gift Set,30.00
https://www.whiskyshop.com/johnnie-walker-18-year-old-glass-gift-set,Johnnie Walker 18 Year Old Glass Gift Set,84.00
https://www.whiskyshop.com/johnnie-walker-black-label-gift-tin,Johnnie Walker Black Label Gift Tin,30.00
https://www.whiskyshop.com/johnnie-walker-gold-label-glass-gift-set,Johnnie Walker Gold Label Glass Gift Set,49.00
https://www.whiskyshop.com/compass-box-spice-tree-extravaganza,Compass Box Spice Tree Extravaganza,91.95
https://www.whiskyshop.com/compass-box-rogues-banquet,Compass Box Rogues Banquet,184.95
https://www.whiskyshop.com/compass-box-juveniles,Compass Box Juveniles,94.95
https://www.whiskyshop.com/compass-box-flaming-heart,Compass Box Flaming Heart,120.00
https://www.whiskyshop.com/glendronach-2006-13-year-old-5538-uk-exclusive,Glendronach 2006 13 Year Old #5538 UK Exclusive,140.00
https://www.whiskyshop.com/gordon-macphail-glen-grant-1954-59-year-old,Gordon &amp; MacPhail Glen Grant 1954 59 Year Old,"2,500.00"
https://www.whiskyshop.com/gordon-macphail-mortlach-1949-51-year-old,Gordon &amp; MacPhail Mortlach 1949 51 Year Old,"3,999.00"
https://www.whiskyshop.com/jura-the-loch,Jura The Loch,45.00
https://www.whiskyshop.com/kilchoman-machir-bay-cask-strength-christmas-edition,Kilchoman Machir Bay Cask Strength Christmas Edition,56.00
https://www.whiskyshop.com/darkness-caperdonich-23-year-old-10188,Darkness Caperdonich 23 Year Old 10188,307.95
https://www.whiskyshop.com/darkness-aultmore-22-year-old-10358,Darkness Aultmore 22 Year Old 10358,87.95
https://www.whiskyshop.com/octomore-11-3-islay-barley,Octomore 11.3 Islay Barley,175.00
https://www.whiskyshop.com/bruichladdich-black-art-8,Bruichladdich Black Art 8,289.95
https://www.whiskyshop.com/ardbeg-wee-beastie,Ardbeg Wee Beastie,39.00
https://www.whiskyshop.com/the-loch-fyne-bunnahabhain-14-year-old-2005,The Loch Fyne Bunnahabhain 14 Year Old 2005,95.00
https://www.whiskyshop.com/the-loch-fyne-craigellachie-12-year-old-2008,The Loch Fyne Craigellachie 12 Year Old 2008,80.00
https://www.whiskyshop.com/arran-port-wood-cask-finish,Arran Port Wood Cask Finish,49.99
https://www.whiskyshop.com/arran-sauternes-cask-finish,Arran Sauternes Cask Finish,49.99
https://www.whiskyshop.com/the-loch-fyne-the-living-cask-batch-10,The Loch Fyne The Living Cask Batch 10,from 45.00
https://www.whiskyshop.com/macallan-50-year-old-red-collection,Macallan 50 Year Old Red Collection,
https://www.whiskyshop.com/johnnie-walker-blue-label-200th-anniversary,Johnnie Walker Blue Label 200th Anniversary,195.00
https://www.whiskyshop.com/john-walker-sons-28-year-old-bicentenary-blend,John Walker &amp; Sons 28 Year Old Bicentenary Blend,725.00
https://www.whiskyshop.com/glenallachie-9-year-old-rye-cask-finish,GlenAllachie 9 Year Old Rye Cask Finish,58.99
https://www.whiskyshop.com/glen-scotia-11-year-old-sherry-double,Glen Scotia 11 Year Old Sherry Double Cask,59.95
https://www.whiskyshop.com/darkness-8-year-old,Darkness 8 Year Old,49.99
https://www.whiskyshop.com/bowmore-17-year-old-moscatel-cask-finish,Darkness Bowmore 17 Year Old Moscatel Cask Finish,193.99
https://www.whiskyshop.com/aerolite-lyndsay-islay-10-year-old,Aerolite Lyndsay Islay 10 Year Old,39.95
https://www.whiskyshop.com/dalmore-12-year-old-sherry-cask,Dalmore 12 Year Old Sherry Cask Select,69.00
https://www.whiskyshop.com/deanston-1991-muscat-cask-finish,Deanston 1991 Muscat Cask Finish,270.00
https://www.whiskyshop.com/fettercairn-46-year-old,Fettercairn 46 Year Old,"8,500.00"
https://www.whiskyshop.com/deanston-2002-pinot-noir-cask,Deanston 2002 Pinot Noir Cask,110.00
https://www.whiskyshop.com/deanston-2002-organic,Deanston 2002 Organic,134.99
https://www.whiskyshop.com/bunnahabhain-2008-manzanilla-cask,Bunnahabhain 2008 Manzanilla Cask,149.99
https://www.whiskyshop.com/bunnahabhain-1997-moine,Bunnahabhain 1997 Moine,369.99
https://www.whiskyshop.com/tobermory-23-year-old,Tobermory 23 Year Old,274.99
https://www.whiskyshop.com/benriach-the-twelve-1,Benriach The Smoky Ten,46.00
https://www.whiskyshop.com/catalog/product/view/id/7898/s/benriach-original-ten/,Benriach The Original Ten,45.00
https://www.whiskyshop.com/benriach-the-smoky-twelve,Benriach The Smoky Twelve,51.00
https://www.whiskyshop.com/benriach-the-twelve,Benriach The Twelve,50.00
https://www.whiskyshop.com/loch-lomond-30-year-old,Loch Lomond 30 Year Old,500.00
https://www.whiskyshop.com/pittyvaich-30-year-old-special-releases-2020,Pittyvaich 30 Year Old Special Releases 2020,400.00
https://www.whiskyshop.com/dalwhinnie-30-year-old-special-releases-2020,Dalwhinnie 30 Year Old Special Releases 2020,550.00
https://www.whiskyshop.com/cardhu-11-year-old-special-releases-2020,Cardhu 11 Year Old Special Releases 2020,85.00
https://www.whiskyshop.com/talisker-8-year-old-special-releases-2020,Talisker 8 Year Old Special Releases 2020,90.00
https://www.whiskyshop.com/loch-lomond-wales-open-celtic-classic,Loch Lomond Wales Open &amp; Celtic Classic Oloroso Cask,84.99
https://www.whiskyshop.com/loch-lomond-the-english-open,Loch Lomond The English Open Sauternes Cask,84.99
https://www.whiskyshop.com/loch-lomond-british-masters,Loch Lomond British Masters Limousin Oak Cask,84.99
https://www.whiskyshop.com/loch-lomond-the-english-championship,Loch Lomond The English Championship Rum Cask,89.99
https://www.whiskyshop.com/loch-lomond-the-uk-championship,Loch Lomond The UK Championship Tawny Port Cask,89.99
https://www.whiskyshop.com/first-editions-talisker-2010-8-year-old,First Editions Talisker 2010 8 Year Old,105.99
https://www.whiskyshop.com/port-charlotte-olc-2010,Port Charlotte OLC: 01 2010 Heavily Peated,86.95
https://www.whiskyshop.com/macallan-18-year-old-double-cask,Macallan 18 Year Old Double Cask,from 250.00
https://www.whiskyshop.com/macallan-15-year-old-double-cask,Macallan 15 Year Old Double Cask,from 100.00
https://www.whiskyshop.com/macallan-1954-47-year-old-fine-rare,Macallan 1954 47 Year Old Fine &amp; Rare #1902,"31,995.00"
https://www.whiskyshop.com/macallan-1940-37-year-old-fine-rare,Macallan 1940 37 Year Old Fine &amp; Rare ,
https://www.whiskyshop.com/glenlivet-spectra,The Glenlivet Spectra,99.95
https://www.whiskyshop.com/teachers-highland-cream-whisky,Teacher's Highland Cream,20.00
https://www.whiskyshop.com/glenallachie-2008-508,Glenallachie 2008 #508,
https://www.whiskyshop.com/balvenie-the-edge-of-burnhead-wood-19-year-old,Balvenie The Edge of Burnhead Wood 19 Year Old,260.00
https://www.whiskyshop.com/port-ellen-40-year-old-9-rogue-casks,Port Ellen 40 Year Old 9 Rogue Casks,"6,395.00"
https://www.whiskyshop.com/wemyss-malts-velvet-fig-25-year-old,Wemyss Malts Velvet Fig 25 Year Old,
https://www.whiskyshop.com/arran-1995-217,Arran 1995 #217,225.00
https://www.whiskyshop.com/old-malt-cask-ardbeg-32-year-old-1967,Old Malt Cask Ardbeg 32 Year Old 1967,"3,495.00"
https://www.whiskyshop.com/glenkeir-treasures-twin-casks-secret-highland-11-year-old,Glenkeir Treasures Twin Casks Secret Highland 11 Year Old,70.00
https://www.whiskyshop.com/glen-scotia-2009-784,Glen Scotia 2009 #784,65.00
https://www.whiskyshop.com/first-editions-blair-athol-2009,First Editions Blair Athol 2009,70.00
https://www.whiskyshop.com/ardbeg-1972-velier,Ardbeg 1972 VELIER,"6,995.00"
https://www.whiskyshop.com/dalmore-25-year-old-2019,Dalmore 25 Year Old - 2019,875.00
https://www.whiskyshop.com/stylish-whisky-mini-nessie-decanter-10cl,Stylish Whisky Mini Nessie Decanter 10cl,25.00
https://www.whiskyshop.com/stylish-whisky-mini-piper-decanter-10cl,Stylish Whisky Mini Piper Decanter 10cl,25.00
https://www.whiskyshop.com/stylish-whisky-mini-golf-decanter-10cl,Stylish Whisky Mini Golf Decanter 10cl,25.00
https://www.whiskyshop.com/johnnie-walker-blue-label-rare-side-of-scotland,Johnnie Walker Blue Label Rare Side of Scotland,215.00
https://www.whiskyshop.com/arran-sherry-cask-the-bodega,Arran Sherry Cask The Bodega,52.89
https://www.whiskyshop.com/arran-quarter-cask-the-bothy,Arran Quarter Cask The Bothy,55.00
https://www.whiskyshop.com/robert-burns-malt-gift-pack,Robert Burns Malt Gift Pack,39.00
https://www.whiskyshop.com/jura-1989,Jura 1989,600.00
https://www.whiskyshop.com/glen-moray-rhum-agricole,Glen Moray Rhum Agricole,59.00
https://www.whiskyshop.com/nectar-grove-batch-strength,Nectar Grove Batch Strength,50.00
https://www.whiskyshop.com/first-editions-glen-garioch-2008-10-year-old,First Editions Glen Garioch 2008 10 Year Old,70.00
https://www.whiskyshop.com/laphroaig-lore-gift-set,Laphroaig Lore Gift Set,89.00
https://www.whiskyshop.com/jura-12-year-old-gift-pack-2019,Jura 12 Year Old Gift Pack 2019,45.00
https://www.whiskyshop.com/johnnie-walker-sweet-peat,Johnnie Walker Sweet Peat,30.00
https://www.whiskyshop.com/benromach-15-year-old,Benromach 15 Year Old,65.95
https://www.whiskyshop.com/1770-peated-no-1,1770 Peated No.1,49.00
https://www.whiskyshop.com/glendronach-1993-26-year-old-7434,Glendronach 1993 26 Year Old #7434,
https://www.whiskyshop.com/the-loch-fyne-gift-builder,The Loch Fyne Gift Box Pick 'n' Mix,from 38.00
https://www.whiskyshop.com/the-lost-distillery-co-discovery-selection-gift-pack-3x5cl,The Lost Distillery Co. Discovery Selection Gift Pack 3x5cl,25.00
https://www.whiskyshop.com/magnum-highland-cream-liqueur,Magnum Highland Cream Liqueur,18.99
https://www.whiskyshop.com/bruichladdich-the-classic-laddie-scottish-barley-gift-pack,Bruichladdich The Classic Laddie Scottish Barley Gift Pack,52.00
https://www.whiskyshop.com/macallan-exceptional-single-cask-1950,Macallan Exceptional Single Cask 1950,"69,000.00"
https://www.whiskyshop.com/balblair-25-year-old,Balblair 25 Year Old,525.00
https://www.whiskyshop.com/glenfiddich-grand-cru-23-year-old,Glenfiddich Grand Cru 23 Year Old,220.00
https://www.whiskyshop.com/johnnie-walker-taster-gift-set-3x5cl,Johnnie Walker Taster Gift Set 3x5cl,20.00
https://www.whiskyshop.com/the-loch-fyne-glentauchers-11-year-old,The Loch Fyne Glentauchers 11 Year Old,from 75.00
https://www.whiskyshop.com/the-loch-fyne-aultmore-12-year-old,The Loch Fyne Aultmore 12 Year Old,from 80.00
https://www.whiskyshop.com/the-last-drop-56-year-old,The Last Drop 56 Year Old,"3,750.00"
https://www.whiskyshop.com/johnnie-walker-blue-label-ghost-rare-glenury-royal,Johnnie Walker Blue Label Ghost &amp; Rare: Glenury Royal,269.00
https://www.whiskyshop.com/jura-gift-pack-3x5cl,Jura Gift Pack 3x5cl,21.00
https://www.whiskyshop.com/glenallachie-25-year-old,GlenAllachie 25 Year Old,250.00
https://www.whiskyshop.com/old-pulteney-25-year-old-2019,Old Pulteney 25 Year Old - 2019,425.00
https://www.whiskyshop.com/talisker-41-year-old,Talisker 41 Year Old,"2,900.00"
https://www.whiskyshop.com/highland-park-12-year-old,Highland Park 12 Year Old,40.00
https://www.whiskyshop.com/stylish-whisky-golf-club-decanter-20cl,Stylish Whisky Golf Club Decanter 20cl,45.00
https://www.whiskyshop.com/the-lost-distillery-co-dalaruan,The Lost Distillery Co. Dalaruan,50.00
https://www.whiskyshop.com/loch-lomond-12-year-old-taster-pack,Loch Lomond 12 Year Old Taster Pack,26.00
https://www.whiskyshop.com/benromach-cask-strength-2009,Benromach Cask Strength 2009,54.95
https://www.whiskyshop.com/kilchoman-twin-pack-2x20cl,Kilchoman Twin Pack 2x20cl,54.00
https://www.whiskyshop.com/kilchoman-sanaig-20cl,Kilchoman Sanaig 20cl,29.00
https://www.whiskyshop.com/loch-lomond-signature,Loch Lomond Signature,30.00
https://www.whiskyshop.com/glenkeir-treasures-secret-islay-10cl,Glenkeir Treasures Secret Islay 10cl,12.00
https://www.whiskyshop.com/piper-decanter,Piper Decanter,80.00
https://www.whiskyshop.com/macallan-10-year-old-sherry-oak-1,Macallan 10 Year Old Sherry Oak,300.00
https://www.whiskyshop.com/stylish-whisky-globe-decanter-20cl,Stylish Whisky Globe Decanter 20cl,45.00
https://www.whiskyshop.com/bruichladdich-islay-barley-20cl,Bruichladdich Islay Barley 20cl,28.00
https://www.whiskyshop.com/bruichladdich-the-classic-laddie-20cl,Bruichladdich The Classic Laddie 20cl,26.00
https://www.whiskyshop.com/longrow-peated,Longrow Peated,
https://www.whiskyshop.com/glengoyne-21-year-old,Glengoyne 21 Year Old,170.00
https://www.whiskyshop.com/kilchoman-sanaig,Kilchoman Sanaig ,47.49
https://www.whiskyshop.com/kilchoman-marchir-bay,Kilchoman Machir Bay,49.00
https://www.whiskyshop.com/balvenie-a-day-of-dark-barley-26-year-old,Balvenie A Day of Dark Barley 26 Year Old,625.00
https://www.whiskyshop.com/balvenie-the-week-of-peat-14-year-old,Balvenie The Week of Peat 14 Year Old,65.00
https://www.whiskyshop.com/balvenie-the-sweet-toast-of-american-oak-12-year-old,Balvenie The Sweet Toast of American Oak 12 Year Old,50.00
https://www.whiskyshop.com/macallan-estate,Macallan Estate 2019,195.00
https://www.whiskyshop.com/johnnie-walker-18-year-old,Johnnie Walker 18 Year Old,82.00
https://www.whiskyshop.com/whisky-works-king-of-trees-10-year-old,Whisky Works King of Trees 10 Year Old,75.00
https://www.whiskyshop.com/tobermory-12-year-old,Tobermory 12 Year Old,45.94
https://www.whiskyshop.com/glendronach-1992-26-year-old-the-whisky-shop-exclusive,GlenDronach 1992 26 Year Old The Whisky Shop Exclusive,
https://www.whiskyshop.com/balblair-15-year-old,Balblair 15 Year Old,80.00
https://www.whiskyshop.com/kingsbarns-dream-to-dram,Kingsbarns Dream to Dram,49.00
https://www.whiskyshop.com/compass-box-the-spaniard,Compass Box The Spaniard,57.00
https://www.whiskyshop.com/macallan-1938-31-year-old-fine-rare,Macallan 1938 31 Year Old Fine &amp; Rare,"42,500.00"
https://www.whiskyshop.com/macallan-1947-15-year-old-fine-rare,Macallan 1947 15 Year Old Fine &amp; Rare,"34,000.00"
https://www.whiskyshop.com/glenglassaugh-evolution,Glenglassaugh Evolution,55.00
https://www.whiskyshop.com/balvenie-1971-dcs-chapter-4,Balvenie 1971 DCS Chapter 4,"20,995.00"
https://www.whiskyshop.com/glen-moray-mastery,Glen Moray Mastery,900.00
https://www.whiskyshop.com/macallan-1940-35-year-old-fine-rare,Macallan 1940 35 Year Old Fine &amp; Rare,"40,000.00"
https://www.whiskyshop.com/glenkeir-treasures-secret-islay,Glenkeir Treasures Secret Islay,55.00
https://www.whiskyshop.com/glen-scotia-victoriana,Glen Scotia Victoriana,from 73.00
https://www.whiskyshop.com/talisker-1953-24-year-old-connoisseur-s-choice,Talisker 1953 24 Year Old Connoisseur's Choice,"3,000.00"
https://www.whiskyshop.com/talisker-1952-21-year-old-connoisseur-s-choice,Talisker 1952 21 Year Old Connoisseur's Choice,"2,500.00"
https://www.whiskyshop.com/johnnie-walker-green-label,Johnnie Walker Green Label,40.63
https://www.whiskyshop.com/ballantine-s-miltonduff-17-year-old,Ballantine's Miltonduff 17 Year Old,93.00
https://www.whiskyshop.com/the-john-walker,The John Walker ,"2,115.00"
https://www.whiskyshop.com/glenfiddich-30-year-old,Glenfiddich 30 Year Old ,500.00
https://www.whiskyshop.com/glendronach-peated-cask,Glendronach Peated Cask ,
https://www.whiskyshop.com/laphroaig-select,Laphroaig Select,40.00
https://www.whiskyshop.com/glenglassaugh-30-year-old,Glenglassaugh 30 Year Old,360.00
https://www.whiskyshop.com/the-naked-grouse,The Naked Grouse,30.00
https://www.whiskyshop.com/royal-lochnagar-12-year-old,Royal Lochnagar 12 Year Old,64.00
https://www.whiskyshop.com/the-glenlivet-founder-s-reserve,The Glenlivet Founder's Reserve,40.00
https://www.whiskyshop.com/port-charlotte-islay-barley,Port Charlotte Islay Barley ,65.00
https://www.whiskyshop.com/glenfarclas-1984,Glenfarclas 1984 ,"5,500.00"
https://www.whiskyshop.com/glenfarclas-1975,Glenfarclas 1975 ,"5,900.00"
https://www.whiskyshop.com/glenfarclas-1974,Glenfarclas 1974,"3,500.00"
https://www.whiskyshop.com/glenfarclas-1973,Glenfarclas 1973,"3,500.00"
https://www.whiskyshop.com/glenfarclas-1967,Glenfarclas 1967,"3,999.00"
https://www.whiskyshop.com/glenfarclas-1965,Glenfarclas 1965,"3,999.00"
https://www.whiskyshop.com/glenfarclas-1961,Glenfarclas 1961,"4,400.00"
https://www.whiskyshop.com/glenfarclas-1958,Glenfarclas 1958,"7,300.00"
https://www.whiskyshop.com/glenfarclas-1957,Glenfarclas 1957,"10,850.00"
https://www.whiskyshop.com/glenfiddich-18-year-old-5cl,Glenfiddich 18 Year Old 5cl,11.00
https://www.whiskyshop.com/famous-grouse,Famous Grouse ,19.00
https://www.whiskyshop.com/stag-s-breath,Stag's Breath,23.00
https://www.whiskyshop.com/glenfiddich-15-year-old-solera-20cl,Glenfiddich 15 Year Old Solera 20cl,27.00
https://www.whiskyshop.com/cragganmore-distillers-edition,Cragganmore Distillers Edition ,63.00
https://www.whiskyshop.com/aberlour-16-year-old,Aberlour 16 Year Old ,85.00
https://www.whiskyshop.com/strathmill-12-year-old,Strathmill 12 year old ,59.00
https://www.whiskyshop.com/singleton-of-dufftown-15-year-old,Singleton of Dufftown 15 Year Old,55.99
https://www.whiskyshop.com/blairmhor-8-year-old-35cl,Blairmhor 8 Year Old 35cl,19.00
https://www.whiskyshop.com/talisker-10-year-old-20cl,Talisker 10 year old 20cl,26.00
https://www.whiskyshop.com/singleton-of-dufftown-18-year-old,Singleton of Dufftown 18 Year Old,76.00
https://www.whiskyshop.com/robert-burns-blend,Robert Burns Blend ,28.00
https://www.whiskyshop.com/compass-box-the-peat-monster,Compass Box The Peat Monster ,47.00
https://www.whiskyshop.com/knockando-12-year-old,Knockando 12 year old ,45.00
https://www.whiskyshop.com/johnnie-walker-blue-label-20cl,Johnnie Walker Blue Label 20cl,60.00
https://www.whiskyshop.com/glenlossie-10-year-old,Glenlossie 10 year old,60.00
https://www.whiskyshop.com/the-glenlivet-12-year-old,The Glenlivet 12 Year Old,40.00
https://www.whiskyshop.com/glenkinchie-12-year-old-20cl,Glenkinchie 12 year old 20cl,25.00
https://www.whiskyshop.com/dalwhinnie-15-year-old-20cl,Dalwhinnie 15 Year Old 20cl,26.00
https://www.whiskyshop.com/cragganmore-12-year-old-20cl,Cragganmore 12 Year Old 20cl,25.00
https://www.whiskyshop.com/chivas-regal-12-year-old-whisky,Chivas Regal 12 Year Old ,34.00
https://www.whiskyshop.com/bunnahabhain-25-year-old,Bunnahabhain 25 Year Old,360.00
https://www.whiskyshop.com/black-bottle,Black Bottle,21.00
https://www.whiskyshop.com/balvenie-miniature-pack-3x5cl,Balvenie Miniature Pack 3x5cl,28.00
https://www.whiskyshop.com/arran-machrie-moor,Arran Machrie Moor ,55.00
https://www.whiskyshop.com/arran-sauternes-wood-finish,Arran Sauternes Wood Finish ,52.00
https://www.whiskyshop.com/whyte-mackay,Whyte &amp; Mackay ,20.00
https://www.whiskyshop.com/teaninich-10-year-old,Teaninich 10 Year Old,58.00
https://www.whiskyshop.com/mannochmore-12-year-old,Mannochmore 12 Year Old,58.00
https://www.whiskyshop.com/johnnie-walker-red-label,Johnnie Walker Red Label,30.00
https://www.whiskyshop.com/glendronach-18-year-old-5cl,GlenDronach 18 Year Old 5cl,15.00
https://www.whiskyshop.com/glen-spey-12-year-old,Glen Spey 12 Year Old ,56.00
https://www.whiskyshop.com/drambuie,Drambuie ,36.00
https://www.whiskyshop.com/bruadar-liqueur,Bruadar Liqueur,28.00
https://www.whiskyshop.com/loch-lomond-19-year-old-royal-portrush,Loch Lomond 19 Year Old Royal Portrush,160.00
https://www.whiskyshop.com/octomore-10-year-old-dialogos,Octomore 10 Year Old Dialogos,160.00
https://www.whiskyshop.com/glenmorangie-allta-private-edition-10th-anniversary,Glenmorangie Allta Private Edition - 10th Anniversary,79.00
https://www.whiskyshop.com/the-glenlivet-nadurra-oloroso-cask-finish,The Glenlivet Nadurra Oloroso Cask Finish,61.00
https://www.whiskyshop.com/johnnie-walker-blenders-batch-directors-edition-2016,Johnnie Walker Blenders' Batch Directors Edition 2016,"2,995.00"
https://www.whiskyshop.com/aberlour-casg-annamh,Aberlour Casg Annamh,54.99
https://www.whiskyshop.com/compass-box-malt-whisky-collection,Compass Box Malt Whisky Collection,25.00
https://www.whiskyshop.com/benrinnes-15-year-old,Benrinnes 15 Year Old,52.00
https://www.whiskyshop.com/glenrothes-18-year-old,Glenrothes 18 Year Old,109.00
https://www.whiskyshop.com/the-lost-distillery-co-gift-pack,Lost Distillery Co. Gift Pack,40.00
https://www.whiskyshop.com/johnnie-walker-gold-label-gift-pack,Johnnie Walker Gold Label Gift Pack,52.00
https://www.whiskyshop.com/chivas-regal-mizunara,Chivas Regal Mizunara,52.00
https://www.whiskyshop.com/monkey-shoulder-smokey-monkey,Monkey Shoulder Smokey Monkey,45.00
https://www.whiskyshop.com/mortlach-12-year-old-the-wee-witchie,Mortlach 12 Year Old The Wee Witchie,44.94
https://www.whiskyshop.com/mortlach-16-year-old-distillers-dram,Mortlach 16 Year Old Distiller's Dram,66.30
https://www.whiskyshop.com/mortlach-20-year-old-cowie-s-blue-seal,Mortlach 20 Year Old Cowie's Blue Seal,189.99
https://www.whiskyshop.com/johnnie-walker-blue-label-ghost-rare-port-ellen,Johnnie Walker Blue Label Ghost &amp; Rare: Port Ellen,264.00
https://www.whiskyshop.com/jura-1988,Jura 1988,650.00
https://www.whiskyshop.com/glenfiddich-fire-cane,Glenfiddich Fire &amp; Cane,43.00
https://www.whiskyshop.com/the-last-drop-glenrothes-1968-cask-13504,The Last Drop Glenrothes 1968 Cask 13504,"5,400.00"
https://www.whiskyshop.com/ailsa-bay-1-2,Ailsa Bay 1.2 Sweet Smoke,60.00
https://www.whiskyshop.com/fettercairn-40-year-old,Fettercairn 40 Year Old,"3,000.00"
https://www.whiskyshop.com/glendronach-revival-15-year-old,GlenDronach 15 Year Old Revival,62.00
https://www.whiskyshop.com/fettercairn-28-year-old,Fettercairn 28 Year Old,550.00
https://www.whiskyshop.com/fettercairn-12-year-old,Fettercairn 12 Year Old,47.00
https://www.whiskyshop.com/macallan-30-year-old-sherry-oak-2020,Macallan 30 Year Old Sherry Oak 2020,"4,750.00"
https://www.whiskyshop.com/old-pulteney-18-year-old,Old Pulteney 18 Year Old,125.00
https://www.whiskyshop.com/old-pulteney-15-year-old,Old Pulteney 15 Year Old,75.00
https://www.whiskyshop.com/old-pulteney-huddart,Old Pulteney Huddart,50.00
https://www.whiskyshop.com/macallan-m-black,Macallan M Black,"8,000.00"
https://www.whiskyshop.com/the-glenlivet-captain-s-reserve,The Glenlivet Captain's Reserve,48.00
https://www.whiskyshop.com/port-charlotte-10-year-old,Port Charlotte 10 Year Old,62.00
https://www.whiskyshop.com/talisker-40-year-old,Talisker 40 Year Old,"2,750.00"
https://www.whiskyshop.com/macallan-12-year-old-triple-cask,Macallan 12 Year Old Triple Cask,from 70.00
https://www.whiskyshop.com/benriach-21-year-old,BenRiach 21 Year Old,139.99
https://www.whiskyshop.com/the-loch-fyne-chocolate-orange-liqueur-5cl,The Loch Fyne Chocolate &amp; Orange Liqueur 5cl,7.00
https://www.whiskyshop.com/the-loch-fyne-blend-5cl,The Loch Fyne Blend 5cl,7.00
https://www.whiskyshop.com/the-glenlivet-25-year-old,The Glenlivet 25 Year Old,375.00
https://www.whiskyshop.com/classic-malts-gentle-collection,Classic Malts Gentle Collection,34.95
https://www.whiskyshop.com/classic-malts-coastal-collection,Classic Malts Coastal Collection,34.95
https://www.whiskyshop.com/classic-malts-strong-collection,Classic Malt Pack Strong 3 x 20cl,34.95
https://www.whiskyshop.com/golf-ball-on-tee-with-tap,Golf Ball on Tee with Tap,80.00
https://www.whiskyshop.com/johnnie-walker-gold-label-reserve,Johnnie Walker Gold Label Reserve,52.00
https://www.whiskyshop.com/johnnie-walker-double-black,Johnnie Walker Double Black,49.00
https://www.whiskyshop.com/johnnie-walker-black-label,Johnnie Walker Black Label,44.00
https://www.whiskyshop.com/jura-18-year-old,Jura 18 Year Old,75.00
https://www.whiskyshop.com/bunnahabhain-40-year-old,Bunnahabhain 40 Year Old,"2,225.00"
https://www.whiskyshop.com/jura-seven-wood,Jura Seven Wood,59.00
https://www.whiskyshop.com/bunnahabhain-toiteach-a-dha,Bunnahabhain Toiteach A Dha,32.90
https://www.whiskyshop.com/spice-tree,Spice Tree ,50.00
https://www.whiskyshop.com/macallan-12-year-old-double-cask,Macallan 12 Year Old Double Cask,53.94
https://www.whiskyshop.com/bunnahabhain-1980-canasta-cask-finish,Bunnahabhain 1980 Canasta Cask Finish,"1,800.00"
https://www.whiskyshop.com/jura-12-year-old,Jura 12 Year Old,45.00
https://www.whiskyshop.com/macallan-18-year-old-sherry-oak-2020,Macallan 18 Year Old Sherry Oak 2020,from 295.00
https://www.whiskyshop.com/dalmore-port-wood-reserve,Dalmore Port Wood Reserve,65.00
https://www.whiskyshop.com/caol-ila-12-year-old-20cl,Caol Ila 12 Year Old 20cl,28.00
https://www.whiskyshop.com/shackleton-blended-malt-scotch,Shackleton Blended Malt Scotch,from 40.00
https://www.whiskyshop.com/bunnahabhain-stiuireadair,Bunnahabhain Stiuireadair,33.95
https://www.whiskyshop.com/globe-and-4-glasses,Globe Decanter &amp; 4 Glasses,80.00
https://www.whiskyshop.com/macallan-no-6-1824-series,Macallan No 6 1824 Series ,"2,800.00"
https://www.whiskyshop.com/glenfiddich-21-year-old-20cl,Glenfiddich 21 Year Old 20cl,45.00
https://www.whiskyshop.com/barrel-and-2-glasses,Barrel and 2 Glasses,80.00
https://www.whiskyshop.com/auchentoshan-gift-pack-3x20cl,Auchentoshan Gift Pack 3 x 20cl,69.00
https://www.whiskyshop.com/barley-tap-and-2-glasses,Barley Tap and 2 Glasses,80.00
https://www.whiskyshop.com/glenfiddich-ipa-experiment,Glenfiddich IPA Experiment,57.00
https://www.whiskyshop.com/aberlour-a-bunadh,Aberlour A'bunadh,79.00
https://www.whiskyshop.com/laphroaig-lore,Laphroaig Lore,89.00
https://www.whiskyshop.com/glenfiddich-project-xx,Glenfiddich Project XX,50.00
https://www.whiskyshop.com/old-pulteney-1983-vintage,Old Pulteney 1983 Vintage,500.00
https://www.whiskyshop.com/dalmore-35-year-old,Dalmore 35 Year Old,"4,500.00"
https://www.whiskyshop.com/chivas-regal-25-year-old,Chivas Regal 25 year old,285.00
https://www.whiskyshop.com/old-pulteney-25-year-old,Old Pulteney 25 Year Old,300.00
https://www.whiskyshop.com/the-lost-distillery-co-lossit,The Lost Distillery Co. Lossit,50.00
https://www.whiskyshop.com/ardbeg-an-oa,Ardbeg An Oa,49.00
https://www.whiskyshop.com/dalmore-quintessence,Dalmore Quintessence,"1,000.00"
https://www.whiskyshop.com/arran-10-year-old,Arran 10 Year Old,45.00
https://www.whiskyshop.com/caol-ila-moch,Caol Ila Moch,70.00
https://www.whiskyshop.com/highland-park-fire,Highland Park Fire,190.00
https://www.whiskyshop.com/talisker-skye,Talisker Skye ,45.00
https://www.whiskyshop.com/caol-ila-distillers-edition,Caol Ila Distillers Edition,from 69.00
https://www.whiskyshop.com/the-lost-distillery-co-gerston,The Lost Distillery Co. Gerston,43.99
https://www.whiskyshop.com/robert-burns-malt,Robert Burns Malt,39.00
https://www.whiskyshop.com/loch-lomond-taster-pack,Loch Lomond Taster Pack,26.00
https://www.whiskyshop.com/chivas-regal-18-year-old,Chivas Regal 18 Year Old,59.50
https://www.whiskyshop.com/aberlour-12-year-old,Aberlour 12 Year Old,40.99
https://www.whiskyshop.com/the-loch-fyne-whisky-gift-pack,The Loch Fyne Whisky Taster Pack,25.00
https://www.whiskyshop.com/laphroaig-quarter-cask,Laphroaig Quarter Cask,50.00
https://www.whiskyshop.com/talisker-storm,Talisker Storm,39.50
https://www.whiskyshop.com/the-lost-distillery-co-auchnagie,The Lost Distillery Co. Auchnagie,50.00
https://www.whiskyshop.com/benromach-10-year-old,Benromach 10 Year Old,41.95
https://www.whiskyshop.com/inchmoan-12-year-old,Loch Lomond Inchmoan 12 Year Old,50.00
https://www.whiskyshop.com/highland-park-30-year-old,Highland Park 30 Year Old 2019 Release,800.00
https://www.whiskyshop.com/talisker-port-ruighe,Talisker Port Ruighe,39.99
https://www.whiskyshop.com/macallan-25-year-old-sherry-oak-2020,Macallan 25 Year Old Sherry Oak 2020,"1,800.00"
https://www.whiskyshop.com/haig-club,Haig Club,35.00
https://www.whiskyshop.com/glen-scotia-taster-pack,Glen Scotia Taster Pack,24.00
https://www.whiskyshop.com/bowmore-25-year-old,Bowmore 25 Year Old,379.00
https://www.whiskyshop.com/auchentoshan-three-wood,Auchentoshan Three Wood,61.00
https://www.whiskyshop.com/benromach-organic,Benromach Organic,45.95
https://www.whiskyshop.com/glenmorangie-signet,Glenmorangie Signet,175.00
https://www.whiskyshop.com/dalmore-king-alexander-iii,Dalmore King Alexander III,189.00
https://www.whiskyshop.com/glen-scotia-18-year-old,Glen Scotia 18 Year Old,89.00
https://www.whiskyshop.com/cragganmore-12-year-old,Cragganmore 12 Year Old,52.00
https://www.whiskyshop.com/arran-gold-cream-liqueur,Arran Gold Cream Liqueur,22.00
https://www.whiskyshop.com/laphroaig-10-year-old,Laphroaig 10 Year Old Whisky,42.00
https://www.whiskyshop.com/highland-park-21-year-old,Highland Park 21 Year Old,210.00
https://www.whiskyshop.com/cardhu-12-year-old-gift-set,Cardhu 12 Year Old Gift Set,39.99
https://www.whiskyshop.com/glenfiddich-18-year-old-small-batch,Glenfiddich 18 Year Old,68.50
https://www.whiskyshop.com/glendronach-parliament-21-year-old,Glendronach Parliament 21 Year Old,150.00
https://www.whiskyshop.com/dalmore-cigar-malt,Dalmore Cigar Malt,80.00
https://www.whiskyshop.com/bowmore-18-year-old,Bowmore 18 Year Old,from 109.00
https://www.whiskyshop.com/balvenie-17-year-old-doublewood,Balvenie 17 Year Old DoubleWood,105.00
https://www.whiskyshop.com/oban-14-year-old-20cl,Oban 14 Year Old 20cl,29.00
https://www.whiskyshop.com/deanston-virgin-oak,Deanston Virgin Oak,34.00
https://www.whiskyshop.com/glen-moray-18-year-old,Glen Moray 18 Year Old,85.00
https://www.whiskyshop.com/ledaig-18-year-old,Ledaig 18 Year Old,79.94
https://www.whiskyshop.com/highland-park-18-year-old,Highland Park 18 Year Old,110.00
https://www.whiskyshop.com/speyburn-15-year-old,Speyburn 15 Year Old,68.00
https://www.whiskyshop.com/glenmorangie-nectar-d-or,Glenmorangie Nectar d'Or,65.00
https://www.whiskyshop.com/glenfiddich-15-year-old-solera,Glenfiddich 15 Year Old Solera,52.00
https://www.whiskyshop.com/oban-little-bay,Oban Little Bay,from 66.00
https://www.whiskyshop.com/dalwhinnie-distillers-edition,Dalwhinnie Distillers Edition,76.00
https://www.whiskyshop.com/glen-moray-15-year-old,Glen Moray 15 Year Old,55.00
https://www.whiskyshop.com/the-glenlivet-18-year-old,The Glenlivet 18 Year Old,99.00
https://www.whiskyshop.com/lagavulin-distillers-edition,Lagavulin Distillers Edition 2019,93.95
https://www.whiskyshop.com/speyburn-10-year-old,Speyburn 10 Year Old,37.00
https://www.whiskyshop.com/glenmorangie-lasanta,Glenmorangie Lasanta,55.00
https://www.whiskyshop.com/glendronach-18-year-old,GlenDronach 18 Year Old ,
https://www.whiskyshop.com/dalmore-18-year-old,Dalmore 18 Year Old,125.00
https://www.whiskyshop.com/dailuaine-16-year-old,Dailuaine 16 Year Old,55.90
https://www.whiskyshop.com/cardhu-18-year-old,Cardhu 18 Year Old,86.00
https://www.whiskyshop.com/bowmore-15-year-old,Bowmore 15 Year Old,from 67.00
https://www.whiskyshop.com/balvenie-14-year-old-caribbean-cask,Balvenie 14 Year Old Caribbean Cask,60.00
https://www.whiskyshop.com/auchentoshan-18-year-old,Auchentoshan 18 Year Old,96.00
https://www.whiskyshop.com/ardbeg-uigeadail,Ardbeg Uigeadail,from 67.00
https://www.whiskyshop.com/loch-lomond-18-year-old,Loch Lomond 18 Year Old,from 78.00
https://www.whiskyshop.com/clynelish-14-year-old-20cl,Clynelish 14 Year Old 20cl,22.50
https://www.whiskyshop.com/glen-scotia-double-cask,Glen Scotia Double Cask,45.00
https://www.whiskyshop.com/glen-moray-12-year-old,Glen Moray 12 Year Old,37.00
https://www.whiskyshop.com/deanston-18-year-old,Deanston 18 Year Old,90.00
https://www.whiskyshop.com/the-glenlivet-15-year-old,The Glenlivet 15 Year Old,60.00
https://www.whiskyshop.com/talisker-18-year-old,Talisker 18 Year Old,99.00
https://www.whiskyshop.com/oban-distillers-edition,Oban Distillers Edition,from 59.95
https://www.whiskyshop.com/macallan-12-year-old-sherry-oak,Macallan 12 Year Old Sherry Oak,from 69.99
https://www.whiskyshop.com/lagavulin-16-year-old,Lagavulin 16 Year Old,
https://www.whiskyshop.com/dalwhinnie-winters-gold,Dalwhinnie Winter's Gold,49.00
https://www.whiskyshop.com/glenkinchie-12-year-old,Glenkinchie 12 Year Old,52.00
https://www.whiskyshop.com/dalmore-15-year-old,Dalmore 15 Year Old,72.00
https://www.whiskyshop.com/cardhu-15-year-old,Cardhu 15 Year Old,65.00
https://www.whiskyshop.com/bunnahabhain-12-year-old,Bunnahabhain 12 Year Old,from 47.00
https://www.whiskyshop.com/bruichladdich-islay-barley,Bruichladdich Islay Barley,67.00
https://www.whiskyshop.com/bowmore-12-year-old,Bowmore 12 Year Old,from 46.00
https://www.whiskyshop.com/ballantine-s-17-year-old-scapa-edition,Ballantine's 17 Year Old Scapa Edition ,100.00
https://www.whiskyshop.com/ardbeg-corryvreckan,Ardbeg Corryvreckan,80.00
https://www.whiskyshop.com/the-loch-fyne-chocolate-orange-liqueur,The Loch Fyne Chocolate &amp; Orange Liqueur,from 29.00
https://www.whiskyshop.com/the-loch-fyne-blend,The Loch Fyne Blend,from 24.00
https://www.whiskyshop.com/talisker-10-year-old,Talisker 10 Year Old,39.99
https://www.whiskyshop.com/singleton-of-dufftown-12-year-old,Singleton of Dufftown 12 Year Old,34.99
https://www.whiskyshop.com/old-pulteney-12-year-old,Old Pulteney 12 Year Old,44.00
https://www.whiskyshop.com/oban-14-year-old,Oban 14 Year Old,65.00
https://www.whiskyshop.com/ledaig-10-year-old,Ledaig 10 Year Old,40.24
https://www.whiskyshop.com/glenmorangie-18-year-old,Glenmorangie 18 Year Old,
https://www.whiskyshop.com/glenfiddich-12-year-old,Glenfiddich 12 Year Old,45.00
https://www.whiskyshop.com/glendronach-12-year-old,GlenDronach 12 Year Old,49.00
https://www.whiskyshop.com/deanston-12-year-old,Deanston 12 Year Old,49.00
https://www.whiskyshop.com/dalwhinnie-15-year-old,Dalwhinnie 15 Year Old,40.19
https://www.whiskyshop.com/dalmore-12-year-old,Dalmore 12 Year Old,50.00
https://www.whiskyshop.com/craigellachie-13-year-old,Craigellachie 13 Year Old,55.00
https://www.whiskyshop.com/clynelish-14-year-old,Clynelish 14 Year Old,51.00
https://www.whiskyshop.com/cardhu-12-year-old,Cardhu 12 Year Old,50.00
https://www.whiskyshop.com/caol-ila-12-year-old,Caol Ila 12 Year Old,from 37.50
https://www.whiskyshop.com/blair-athol-12-year-old,Blair Athol 12 Year Old,52.00
https://www.whiskyshop.com/balvenie-12-year-old-doublewood,Balvenie 12 Year Old DoubleWood,44.95
https://www.whiskyshop.com/auchroisk-10-year-old,Auchroisk 10 Year Old,48.00
https://www.whiskyshop.com/auchentoshan-12-year-old,Auchentoshan 12 Year Old,47.00
https://www.whiskyshop.com/ardbeg-10-year-old-whisky,Ardbeg 10 Year Old ,39.94
https://www.whiskyshop.com/the-loch-fyne-the-living-cask-1745,The Loch Fyne The Living Cask 1745,from 75.00
https://www.whiskyshop.com/ancnoc-12-year-old,anCnoc 12 Year Old,38.00
https://www.whiskyshop.com/fettercairn-50-year-old,Fettercairn 50 Year Old,"17,995.00"
https://www.whiskyshop.com/singleton-54-year-old,The Singleton 54 Year Old Paragon of Time II,"28,850.00"
https://www.whiskyshop.com/glenfiddich-21-year-old-gran-reserva,Glenfiddich 21 Year Old,150.00
https://www.whiskyshop.com/lindores-abbey-mcdxciv,Lindores Abbey MCDXCIV,45.00
https://www.whiskyshop.com/the-octave-ben-nevis-2012-tws-exclusive,The Octave Ben Nevis 2012 TWS Exclusive,81.99
https://www.whiskyshop.com/glen-grant-1953-67-year-old-george-edition,Glen Grant 1953 67 Year Old George Edition,"5,950.00"
https://www.whiskyshop.com/the-octave-laphroaig-2011-9-year-old,The Octave Laphroaig 2011 9 Year Old,149.99
https://www.whiskyshop.com/the-octave-dalmore-2004-16-year-old,The Octave Dalmore 2004 16 Year Old,285.00
https://www.whiskyshop.com/arran-23-year-old-drumadoon-point-explorer-series-vol-4,Arran 23 Year Old Drumadoon Point - Explorer Series Vol. 4,149.95
https://www.whiskyshop.com/darkness-craigellachie-12-year-old,Darkness Craigellachie 12 Year Old,95.00
https://www.whiskyshop.com/loch-lomond-45-year-old,Loch Lomond 45 Year Old,"3,450.00"
https://www.whiskyshop.com/kingsbarns-balcomie,Kingsbarns Balcomie,49.95
https://www.whiskyshop.com/kilchoman-loch-gorm-2021,Kilchoman Loch Gorm 2021,75.00
https://www.whiskyshop.com/littlemill-testament-1976,Littlemill Testament 1976,"7,999.00"
https://www.whiskyshop.com/glen-scotia-10-year-old-campbeltown-malts-festival-2021,Glen Scotia 10 Year Old Bordeaux Red Wine Finish Campbeltown Malts Festival 2021,49.95
https://www.whiskyshop.com/glenfiddich-grande-couronne-26-year-old,Glenfiddich Grande Couronne 26 Year Old,450.00
https://www.whiskyshop.com/first-editions-blair-athol-8-year-old-2012,First Editions Blair Athol 8 Year Old 2012,67.00
https://www.whiskyshop.com/first-editions-glenburgie-13-year-old-2007,First Editions Glenburgie 13 Year Old 2007,87.00
https://www.whiskyshop.com/first-editions-tamnavulin-10-year-old,First Editions Tamnavulin 10 Year Old 2010,70.00
https://www.whiskyshop.com/old-malt-cask-blair-athol-16-year-old,Old Malt Cask Blair Athol 16 Year Old ,113.00
https://www.whiskyshop.com/first-editions-auchroisk-9-year-old,First Editions Auchroisk 9 Year Old 2011,68.00
https://www.whiskyshop.com/old-malt-cask-jura-13-year-old,Old Malt Cask Jura 13 Year Old ,102.00
https://www.whiskyshop.com/old-malt-cask-glengoyne-13-year-old,Old Malt Cask Glengoyne 13 Year Old ,95.00
https://www.whiskyshop.com/old-malt-cask-caol-ila-10-year-old,Old Malt Cask Caol Ila 10 Year Old ,120.00
https://www.whiskyshop.com/loch-lomond-14-year-old,Loch Lomond 14 Year Old,55.00
https://www.whiskyshop.com/loch-lomond-the-open-special-edition,Loch Lomond The Open Special Edition,40.00
https://www.whiskyshop.com/arran-25-year-old,Arran 25 Year Old,299.00
https://www.whiskyshop.com/old-malt-cask-mortlach-13-year-old,Old Malt Cask Mortlach 13 Year Old,97.00
https://www.whiskyshop.com/first-editions-ben-nevis-9-year-old,First Editions Ben Nevis 2011 9 Year Old,70.00
https://www.whiskyshop.com/glen-moray-2006-sauternes-cask-batch-1,Glen Moray 2006 Sauternes Cask,79.95
https://www.whiskyshop.com/first-editions-dailuaine-11-year-old-2008,First Editions Dailuaine 11 Year Old 2008,82.00
https://www.whiskyshop.com/first-editions-aultmore-10-year-old-2010,First Editions Aultmore 10 Year Old 2010,70.00
https://www.whiskyshop.com/glendronach-27-year-old-182-oloroso-uk-exclusive-single-cask,Glendronach 27 Year Old #182 Oloroso UK Exclusive Single Cask,420.00
https://www.whiskyshop.com/laphroaig-30-year-old-the-ian-hunter-story-book-two,Laphroaig 30 Year Old The Ian Hunter Story Book Two,860.00
https://www.whiskyshop.com/highland-park-cask-strength-no-1,Highland Park Cask Strength No.1,60.00
https://www.whiskyshop.com/macallan-edition-no-6,Macallan Edition No.6,
https://www.whiskyshop.com/loch-lomond-21-year-old,Loch Lomond 21 Year Old,145.00
https://www.whiskyshop.com/cragganmore-20-year-old-special-releases-2020,Cragganmore 20 Year Old Special Releases 2020,130.00
https://www.whiskyshop.com/mortlach-21-year-old-special-releases-2020,Mortlach 21 Year Old Special Releases 2020,575.00
https://www.whiskyshop.com/singleton-17-year-old-special-releases-2020,Singleton 17 Year Old Special Releases 2020,110.00
https://www.whiskyshop.com/fettercairn-22-year-old,Fettercairn 22 Year Old,200.00
https://www.whiskyshop.com/loch-lomond-12-year-old-open-edition,Loch Lomond 12 Year Old Open Edition,54.95
https://www.whiskyshop.com/laphroaig-10-year-old-cask-strength,Laphroaig 10 Year Old Cask Strength 2020,77.00
https://www.whiskyshop.com/glen-moray-madeira-cask-project,Glen Moray Madeira Cask Project,65.00
https://www.whiskyshop.com/old-malt-cask-inchmurrin-23-year-old,Old Malt Cask Inchmurrin 23 Year Old,160.00
https://www.whiskyshop.com/macallan-rare-cask-2020-release,Macallan Rare Cask 2020 Release,
https://www.whiskyshop.com/glen-scotia-14-year-old-tawny-port-finish-campbeltown-malts-festival-2020,Glen Scotia 14 Year Old Tawny Port Finish Campbeltown Malts Festival 2020,75.00
https://www.whiskyshop.com/first-editions-deanston-2009,First Editions Deanston 2009,74.00
https://www.whiskyshop.com/glendronach-1992-27-year-old-5852,Glendronach 1992 27 Year Old #5852,
https://www.whiskyshop.com/glenrothes-1992-2nd-edition,Glenrothes 1992 2nd Edition,165.00
https://www.whiskyshop.com/glenkeir-treasures-twin-casks-secret-speyside-9-year-old,Glenkeir Treasures Twin Casks Secret Speyside 9 Year Old,68.00
https://www.whiskyshop.com/invergordon-21-year-old-the-sovereign,Invergordon 21 Year Old The Sovereign,130.00
https://www.whiskyshop.com/the-loch-fyne-the-living-cask-batch-9,The Loch Fyne The Living Cask Batch 9,from 45.00
https://www.whiskyshop.com/old-and-rare-bunnahabhain-30-year-old,Old and Rare Bunnahabhain 30 Year Old,560.00
https://www.whiskyshop.com/old-malt-cask-ben-nevis-23-year-old,Old Malt Cask Ben Nevis 23 Year Old,160.00
https://www.whiskyshop.com/old-malt-cask-longmorn-21-year-old,Old Malt Cask Longmorn 21 Year Old,150.00
https://www.whiskyshop.com/first-editions-ardmore-2009-9-year-old,First Editions Ardmore 2009 9 Year Old,69.00
https://www.whiskyshop.com/first-editions-dailuaine-2009-9-year-old,First Editions Dailuaine 2009 9 Year Old,69.00
https://www.whiskyshop.com/bunnahabhain-1988-marsala-cask-finish,Bunnahabhain 1988 Marsala Cask Finish,450.00
https://www.whiskyshop.com/glenrothes-elders-reserve-10cl,Glenrothes Elders' Reserve 10cl,20.00
https://www.whiskyshop.com/glenrothes-2004,Glenrothes 2004,65.00
https://www.whiskyshop.com/glenrothes-1988,Glenrothes 1988,355.00
https://www.whiskyshop.com/old-malt-cask-tobermory-12-year-old,Old Malt Cask Tobermory 12 Year Old,92.00
https://www.whiskyshop.com/first-editions-dalmore-2008,First Editions Dalmore 2008 11 Year Old,78.00
https://www.whiskyshop.com/mortlach-15-year-old-game-of-thrones-six-kingdoms,Mortlach 15 Year Old - Game of Thrones Six Kingdoms,120.00
https://www.whiskyshop.com/glenallachie-15-year-old,GlenAllachie 15 Year Old,67.00
https://www.whiskyshop.com/highland-park-esquire,Highland Park Esquire,200.00
https://www.whiskyshop.com/dalwhinnie-30-year-old-special-releases-2019,Dalwhinnie 30 Year Old Special Releases 2019,500.00
https://www.whiskyshop.com/mortlach-26-year-old-special-releases-2019,Mortlach 26 Year Old Special Releases 2019,"1,500.00"
https://www.whiskyshop.com/singleton-of-glen-ord-18-year-old-special-releases-2019,Singleton of Glen Ord 18 Year Old Special Releases 2019,130.00
https://www.whiskyshop.com/talisker-15-year-old-special-releases-2019,Talisker 15 Year Old Special Releases 2019,110.00
https://www.whiskyshop.com/old-pulteney-2006-1448,Old Pulteney 2006 #1448,99.00
https://www.whiskyshop.com/laphroaig-25-year-old-cask-strength,Laphroaig 25 Year Old Cask Strength,460.00
https://www.whiskyshop.com/loch-lomond-12-year-old-gift-pack,Loch Lomond 12 Year Old Gift Pack,50.00
https://www.whiskyshop.com/octomore-10-3-dialogos,Octomore 10.3 Dialogos 6 Year Old,175.00
https://www.whiskyshop.com/bruichladdich-black-art-7,Bruichladdich Black Art 7,295.00
https://www.whiskyshop.com/glen-moray-21-year-old,Glen Moray 21 Year Old,145.00
https://www.whiskyshop.com/the-tweeddale-grain-of-truth-peated-edition,The Tweeddale Grain of Truth Peated Edition,49.00
https://www.whiskyshop.com/first-editions-mortlach-2007-11-year-old,First Editions Mortlach 2007 11 Year Old,85.00
https://www.whiskyshop.com/first-editions-caol-ila-2010-8-year-old,First Editions Caol Ila 2010 8 Year Old,105.00
https://www.whiskyshop.com/first-editions-craigellachie-2011-8-year-old,First Editions Craigellachie 2011 8 Year Old,70.00
https://www.whiskyshop.com/littlemill-29-year-old-private-cellar-edition-2019,Littlemill 29 Year Old Private Cellar Edition 2019,"2,750.00"
https://www.whiskyshop.com/glen-scotia-45-year-old,Glen Scotia 45 Year Old,"3,800.00"
https://www.whiskyshop.com/12-drams-of-christmas-premium-edition,12 Drams of Christmas - Premium Whisky Selection Box,89.99
https://www.whiskyshop.com/12-drams-of-christmas,12 Drams of Christmas - Whisky Selection Box,69.00
https://www.whiskyshop.com/johnnie-walker-discover-gift-set-5x5cl,Johnnie Walker Discover Gift Set 5x5cl,32.00
https://www.whiskyshop.com/brora-40-year-old-200th-anniversary,Brora 40 Year Old 200th Anniversary,"4,500.00"
https://www.whiskyshop.com/compass-box-myths-legends-iii,Compass Box Myths &amp; Legends III,130.00
https://www.whiskyshop.com/compass-box-myths-legends-ii,Compass Box Myths &amp; Legends II,130.00
https://www.whiskyshop.com/compass-box-myths-legends-i,Compass Box Myths &amp; Legends I,130.00
https://www.whiskyshop.com/glenallachie-12-year-old,GlenAllachie 12 Year Old,47.00
https://www.whiskyshop.com/compass-box-the-circle,Compass Box The Circle,120.00
https://www.whiskyshop.com/compass-box-no-name-no-2,Compass Box No Name No.2,110.00
https://www.whiskyshop.com/ancnoc-peat,anCnoc Peat,80.00
https://www.whiskyshop.com/jura-two-one-two,Jura Two-One-Two (212),79.99
https://www.whiskyshop.com/first-editions-blair-athol-2010,First Editions Blair Athol 2010,69.00
https://www.whiskyshop.com/first-editions-mortlach-2009,First Editions Mortlach 2009,69.00
https://www.whiskyshop.com/port-charlotte-scottish-barley-20cl,Port Charlotte Scottish Barley 20cl,24.00
https://www.whiskyshop.com/first-editions-inchgower-2008-20cl,First Editions Inchgower 2008 20cl,26.00
https://www.whiskyshop.com/first-editions-benrinnes-2010-20cl,First Editions Benrinnes 2010 8 Year Old 20cl,25.00
https://www.whiskyshop.com/pot-still-tap-and-glasses,Pot Still Decanter with Tap &amp; 2 Glasses,80.00
https://www.whiskyshop.com/old-malt-cask-bowmore-17-year-old-2001,Old Malt Cask Bowmore 17 Year Old,190.00
https://www.whiskyshop.com/first-editions-tullibardine-2008,First Editions Tullibardine 2008,80.00
https://www.whiskyshop.com/first-editions-bunnahabhain-2007-11-year-old,First Editions Bunnahabhain 2007 - 2018 Edition,70.00
https://www.whiskyshop.com/auchentoshan-gift-pack-3x5cl,Auchentoshan Gift Pack 3x5cl,32.00
https://www.whiskyshop.com/the-loch-fyne-the-living-cask-batch-8,The Loch Fyne The Living Cask Batch 8,from 45.00
https://www.whiskyshop.com/arran-master-of-distilling-ii,Arran Master of Distilling II,74.99
https://www.whiskyshop.com/loch-lomond-2004-colin-montgomerie-single-cask,Loch Lomond 2004 Colin Montgomerie Single Cask,80.00
https://www.whiskyshop.com/aultmore-21-year-old,Aultmore 21 Year Old,180.00
https://www.whiskyshop.com/glenkeir-treasures-secret-islay-20cl,Glenkeir Treasures Secret Islay 20cl,24.00
https://www.whiskyshop.com/glenkeir-treasures-speyburn-10-year-old-20cl,Glenkeir Treasures Speyburn 10 Year Old 10cl,13.00
https://www.whiskyshop.com/glenkeir-treasures-speyburn-10-year-old-20cl-2933,Glenkeir Treasures Speyburn 10 Year Old 20cl,26.00
https://www.whiskyshop.com/glenkeir-treasures-secret-speyside-8-year-old-1,Glenkeir Treasures Secret Speyside 8 Year Old 10cl,13.00
https://www.whiskyshop.com/glenkeir-treasures-secret-speyside-8-year-old-20cl,Glenkeir Treasures Secret Speyside 8 Year Old 20cl,26.00
https://www.whiskyshop.com/glenkeir-treasures-speyburn-10-year-old,Glenkeir Treasures Speyburn 10 Year Old,55.00
https://www.whiskyshop.com/glenkeir-treasures-secret-speyside-8-year-old,Glenkeir Treasures Secret Speyside 8 Year Old ,55.00
https://www.whiskyshop.com/benriach-batch-16-1985-7214,BenRiach Batch 16 1985 #7214,595.00
https://www.whiskyshop.com/jura-21-year-old-tide,Jura 21 Year Old Tide,160.00
https://www.whiskyshop.com/first-editions-tamdhu-2007,First Editions Tamdhu 2007,74.00
https://www.whiskyshop.com/glen-scotia-1999-single-cask,Glen Scotia 1999 #455,135.00
https://www.whiskyshop.com/usquaebach-reserve,Usquaebach Reserve,39.00
https://www.whiskyshop.com/distillers-art-royal-brackla-18-year-old,Distiller's Art Royal Brackla 18 Year Old,119.00
https://www.whiskyshop.com/glencairn-whisky-glasses-auchentoshan-20cl-gift-set,Glencairn Whisky Glasses &amp; Auchentoshan 20cl Gift Set,42.00
https://www.whiskyshop.com/first-editions-craigellachie-2006,First Editions Craigellachie 2006,76.00
https://www.whiskyshop.com/first-editions-benrinnes-2010,First Editions Benrinnes 2010,66.00
https://www.whiskyshop.com/old-malt-cask-talisker-8-year-old,Old Malt Cask Talisker 8 Year Old,115.00
https://www.whiskyshop.com/loch-lomond-25-year-old-triple-wood,Loch Lomond 25 Year Old Triple Wood,250.00
https://www.whiskyshop.com/first-editions-craigellachie-2008,First Editions Craigellachie 2008 10 Year Old,70.00
https://www.whiskyshop.com/loch-lomond-2004-single-cask,Loch Lomond 2004 Single Cask,110.00
https://www.whiskyshop.com/loch-lomond-the-open-special-edition-distiller-s-cut,Loch Lomond The Open Special Edition Distiller's Cut Gift Pack,55.00
https://www.whiskyshop.com/singleton-of-glendullan-reserve-game-of-thrones-house-tully,Singleton of Glendullan Reserve - Game of Thrones House Tully,38.00
https://www.whiskyshop.com/clynelish-reserve-game-of-thrones-house-tyrell,Clynelish Reserve - Game of Thrones House Tyrell,48.00
https://www.whiskyshop.com/oban-bay-reserve-game-of-thrones-the-night-s-watch,Oban Bay Reserve - Game of Thrones The Night's Watch,65.00
https://www.whiskyshop.com/cardhu-gold-reserve-game-of-thrones-house-targaryen,Cardhu Gold Reserve - Game of Thrones House Targaryen,48.00
https://www.whiskyshop.com/whisky-works-glaswegian-29-year-old,Whisky Works Glaswegian 29 Year Old,130.00
https://www.whiskyshop.com/old-malt-cask-glencadam-14-year-old,Old Malt Cask Glencadam 14 Year Old,99.00
https://www.whiskyshop.com/old-malt-cask-glenburgie-19-year-old,Old Malt Cask Glenburgie 19 Year Old,125.00
https://www.whiskyshop.com/balblair-18-year-old,Balblair 18 Year Old,103.95
https://www.whiskyshop.com/old-malt-cask-mortlach-11-year-old,Old Malt Cask Mortlach 11 Year Old,95.00
https://www.whiskyshop.com/authors-series-speyside-s-finest-1967-50-year-old-nathaniel-hawthorne,Authors' Series Probably Speyside's Finest 1968 50 Year Old - Nathaniel Hawthorne ,"2,750.00"
https://www.whiskyshop.com/tormore-1988-30-year-old-authors-series-charles-baudelaire,Authors' Series Tormore 1988 30 Year Old - Charles Baudelaire,425.00
https://www.whiskyshop.com/tullibardine-1993-25-year-old-authors-series,Authors' Series Tullibardine 1993 25 Year Old - William Thackeray,395.00
https://www.whiskyshop.com/springbank-1997-21-year-old-authors-series,Springbank 1997 21 year old Authors Series - Oscar Wilde,625.00
https://www.whiskyshop.com/balblair-12-year-old,Balblair 12 Year Old,52.00
https://www.whiskyshop.com/benriach-2005-whisky-shop-exclusive,BenRiach 2005 Whisky Shop Exclusive ,85.00
https://www.whiskyshop.com/talisker-select-reserve-game-of-thrones-house-greyjoy,Talisker Select Reserve - Game of Thrones House Greyjoy,48.00
https://www.whiskyshop.com/compass-box-hedonism,Compass Box Hedonism,73.00
https://www.whiskyshop.com/benriach-12-year-old-sherry-wood,BenRiach 12 Year Old Sherry Wood ,48.00
https://www.whiskyshop.com/first-editions-mortlach-managers-special,First Editions Mortlach 2007 Manager's Special,76.00
https://www.whiskyshop.com/glenkeir-treasures-gift-pack,Glenkeir Treasures Gift Pack,25.00
https://www.whiskyshop.com/glenkeir-treasures-aultmore-7-year-old,Glenkeir Treasures Aultmore 7 Year Old,45.00
https://www.whiskyshop.com/glenkeir-treasures-glengoyne-9-year-old,Glenkeir Treasures Glengoyne 9 Year Old,50.00
https://www.whiskyshop.com/mortlach-8-year-old-glenkeir-treasure,Mortlach 8 year old GlenKeir Treasure,45.00
https://www.whiskyshop.com/glenkeir-treasures-fettercairn-8-year-old,Glenkeir Treasures Fettercairn 8 Year Old ,40.00
https://www.whiskyshop.com/glenkeir-treasures-craigellachie-9-year-old,Glenkeir Treasures Craigellachie 9 Year Old,50.00
https://www.whiskyshop.com/old-malt-cask-tamdhu-8-year-old-20cl,Old Malt Cask Tamdhu 8 Year Old 20cl,30.00
https://www.whiskyshop.com/old-malt-cask-fettercairn-7-year-old-20cl,Old Malt Cask Fettercairn 7 Year Old,28.00
https://www.whiskyshop.com/glenkinchie-distillers-edition,Glenkinchie Distillers Edition,70.00
https://www.whiskyshop.com/glenrothes-vintage-reserve,Glenrothes Vintage Reserve ,40.00
https://www.whiskyshop.com/laphroaig-25-year-old-2018,Laphroaig 25 Year Old 2018,600.00
https://www.whiskyshop.com/scotland-in-a-box,Scotland in a Box,69.00
https://www.whiskyshop.com/clynelish-select-reserve-2014-special-release,Clynelish Select Reserve 2014 Special Release,500.00
https://www.whiskyshop.com/glenfarclas-1960,Glenfarclas 1960,"4,400.00"
https://www.whiskyshop.com/glenfarclas-1996,Glenfarclas 1996 ,340.00
https://www.whiskyshop.com/glenfiddich-15-year-old-solera-5cl,Glenfiddich 15 Year Old Solera 5cl,8.25
https://www.whiskyshop.com/bowmore-gift-pack-3x20cl,Bowmore Gift Pack 3x20cl,84.00
https://www.whiskyshop.com/royal-salute-diamond-jubilee,Royal Salute Diamond Jubilee ,330.00
https://www.whiskyshop.com/lagavulin-16-year-old-20cl,Lagavulin 16 year old 20cl,33.00
https://www.whiskyshop.com/glenfiddich-12-year-old-5cl,Glenfiddich 12 Year Old 5cl,6.99
https://www.whiskyshop.com/glen-spey-1996-managers-choice,Glen Spey 1996 Managers Choice,285.00
https://www.whiskyshop.com/glen-garioch-12-year-old-5cl,Glen Garioch 12 Year Old 5cl,12.00
https://www.whiskyshop.com/bowmore-18-year-old-5cl,Bowmore 18 Year Old 5cl,15.00
https://www.whiskyshop.com/bowmore-15-year-old-darkest-5cl,Bowmore 15 year old Darkest 5cl ,12.00
https://www.whiskyshop.com/bowmore-12-year-old-5cl,Bowmore 12 Year Old 5cl,10.00
https://www.whiskyshop.com/benriach-10-year-old-curiositas,BenRiach 10 Year Old Curiositas,47.00
https://www.whiskyshop.com/auchentoshan-three-wood-5cl,Auchentoshan Three Wood 5cl,11.00
https://www.whiskyshop.com/auchentoshan-12-year-old-5cl,Auchentoshan 12 year old 5cl,9.00
https://www.whiskyshop.com/monkey-shoulder-5cl,Monkey Shoulder,7.99
https://www.whiskyshop.com/johnnie-walker-red-label-5cl,Johnnie Walker Red Label 5cl,5.99
https://www.whiskyshop.com/johnnie-walker-black-5cl,Johnnie Walker Black Label 5cl,5.99
https://www.whiskyshop.com/jura-origin-10-year-old-5cl,Isle of Jura 10 year old 5cl,7.99
https://www.whiskyshop.com/glenlivet-15-year-old-5cl,The Glenlivet 15 Year Old 5cl,7.00
https://www.whiskyshop.com/glenfarclas-105-5cl,Glenfarclas 105 5cl,9.99
https://www.whiskyshop.com/glenfarclas-10-year-old-5cl,Glenfarclas 10 Year Old 5cl,7.99
https://www.whiskyshop.com/glendronach-12-year-old-5cl,GlenDronach 12 Year Old 5cl,7.99
https://www.whiskyshop.com/chivas-regal-12-year-old-5cl,Chivas Regal 12 Year Old 5cl,5.99
https://www.whiskyshop.com/bruadar-liqueur-5cl,Bruadar Liqueur 5cl,6.75
https://www.whiskyshop.com/blue-hanger-8-the-whisky-shop-exclusive,Blue Hanger 8th Limited Release,99.00
https://www.whiskyshop.com/benriach-classic-speyside-gift-pack-4x5cl,BenRiach Classic Speyside Gift Pack 4x5cl,29.49
https://www.whiskyshop.com/benriach-10-year-old-curiositas-5cl,BenRiach 10 year old Curiositas 5cl,8.00
https://www.whiskyshop.com/bells-8-year-old-5cl,Bell's Blended Scotch Whisky 5cl,4.99
https://www.whiskyshop.com/bells-8-year-old-20cl,Bell's Blended Scotch Whisky 20cl,10.00
https://www.whiskyshop.com/balvenie-12-year-old-doublewood-5cl,Balvenie 12 Year Old DoubleWood 5cl,8.25
https://www.whiskyshop.com/arran-10-year-old-5cl,Arran 10 Year Old 5cl,6.99
https://www.whiskyshop.com/ardbeg-10-year-old-5cl,Ardbeg 10 Year Old 5cl,7.50
https://www.whiskyshop.com/macallan-rare-cask-batch-no-1-2019-release,Macallan Rare Cask Batch No.1 2019 Release,249.00
https://www.whiskyshop.com/arran-21-year-old,Arran 21 Year Old ,125.00
https://www.whiskyshop.com/macallan-rare-cask-batch-no-3,Macallan Rare Cask Batch No.3,295.00
https://www.whiskyshop.com/the-loch-fyne-the-living-cask-batch-7,The Loch Fyne The Living Cask Batch 7,45.00
https://www.whiskyshop.com/first-editions-speyburn-2006,First Editions Speyburn 2006,74.00
https://www.whiskyshop.com/first-editions-jura-2006,First Editions Jura 2006,74.00
https://www.whiskyshop.com/dalmore-40-year-old,Dalmore 40 Year Old 2018 Release,"6,750.00"
https://www.whiskyshop.com/glenrothes-12-year-old,Glenrothes 12 Year Old,45.00
https://www.whiskyshop.com/glen-grant-30-year-old-platinum-old-rare,Glen Grant 30 Year Old Platinum Old &amp; Rare,460.00
https://www.whiskyshop.com/old-malt-cask-inchgower-20-year-old,Old Malt Cask Inchgower 20 Year Old,124.00
https://www.whiskyshop.com/johnnie-walker-white-walker,Johnnie Walker White Walker,33.99
https://www.whiskyshop.com/the-loch-fyne-springbank-28-year-old,The Loch Fyne Springbank 28 Year Old,350.00
https://www.whiskyshop.com/laphroaig-20-year-old-platinum-old-rare,Laphroaig 20 Year Old Platinum Old &amp; Rare,415.00
https://www.whiskyshop.com/the-last-drop-glenrothes-1968-cask-13508,The Last Drop Glenrothes 1968 Cask 13508,"5,400.00"
https://www.whiskyshop.com/the-loch-fyne-bunnahabhain-16-year-old,The Loch Fyne Bunnahabhain 16 Year Old,110.00
https://www.whiskyshop.com/laphroaig-28-year-old,Laphroaig 28 Year Old,560.00
https://www.whiskyshop.com/bruichladdich-classic-laddie-gift-pack,Bruichladdich Classic Laddie Gift Pack,52.00
https://www.whiskyshop.com/oban-21-year-old-2018-special-release,Oban 21 Year Old 2018 Special Release,450.00
https://www.whiskyshop.com/cladach-2018-special-release,Cladach Blended Malt 2018 Special Release,155.00
https://www.whiskyshop.com/carsebridge-48-year-old-2018-special-release,Carsebridge 48 Year Old 2018 Special Release,750.00
https://www.whiskyshop.com/24-advent-drams-whisky-advent-calendar,24 Advent Drams - Whisky Advent Calendar,99.00
https://www.whiskyshop.com/bowmore-27-year-old-port-cask,Bowmore 27 Year Old Port Cask,410.00
https://www.whiskyshop.com/jura-one-for-you,Jura One For You,130.00
https://www.whiskyshop.com/glenfiddich-winter-storm-batch-2,Glenfiddich Winter Storm Batch 2,199.00
https://www.whiskyshop.com/the-loch-fyne-the-living-cask-batch-6,The Loch Fyne The Living Cask Batch 6,45.00
https://www.whiskyshop.com/macallan-15-year-old-triple-cask,Macallan 15 Year Old Triple Cask,from 150.00
https://www.whiskyshop.com/benriach-21-year-old-temporis,BenRiach 21 Year Old Temporis,149.00
https://www.whiskyshop.com/the-loch-fyne-the-living-cask-batch-4-5cl,The Loch Fyne The Living Cask Batch 4 5cl,8.00
https://www.whiskyshop.com/the-loch-fyne-honey-ginger-liqueur-5cl,The Loch Fyne Honey &amp; Ginger Liqueur 5cl,7.00
https://www.whiskyshop.com/the-tweeddale-the-evolution,The Tweeddale The Evolution,175.00
https://www.whiskyshop.com/the-last-drop-1971,The Last Drop 1971,"3,000.00"
https://www.whiskyshop.com/banff-40-year-old-platinum-old-and-rare,Banff 40 Year Old Platinum Old and Rare,"1,275.00"
https://www.whiskyshop.com/old-malt-cask-linkwood-19-year-old,Old Malt Cask Linkwood 19 Year Old,130.00
https://www.whiskyshop.com/convalmore-32-year-old-2017-special-release,Convalmore 32 Year Old 2017 Special Release,"1,350.00"
https://www.whiskyshop.com/johnnie-walker-king-george-v,Johnnie Walker King George V,500.00
https://www.whiskyshop.com/tullibardine-25-year-old,Tullibardine 25 Year Old,300.00
https://www.whiskyshop.com/glenfarclas-miniature-pack,Glenfarclas Mini Pack 3 x 5cl,32.00
https://www.whiskyshop.com/macallan-18-year-old-triple-cask,Macallan 18 Year Old Triple Cask ,from 235.00
https://www.whiskyshop.com/johnnie-walker-blue-label,Johnnie Walker Blue Label,from 150.00
https://www.whiskyshop.com/authors-series-springbank-1993-thomas-hardy,Authors' Series Springbank 1993 Thomas Hardy,700.00
https://www.whiskyshop.com/old-malt-cask-royal-brackla-19-year-old,Old Malt Cask Royal Brackla 19 Year Old,134.00
https://www.whiskyshop.com/the-sovereign-invergordon-30-year-old,The Sovereign Invergordon 30 Year Old,160.00
https://www.whiskyshop.com/the-sovereign-strathclyde-30-year-old,The Sovereign Strathclyde 30 Year Old,159.00
https://www.whiskyshop.com/caol-ila-36-year-old-platinum-old-rare,Caol Ila 36 Year Old Platinum Old &amp; Rare,740.00
https://www.whiskyshop.com/dewar-s-signature,Dewar's Signature ,290.00
https://www.whiskyshop.com/dewar-s-18-year-old-founders-reserve,Dewar's 18 year old Founders Reserve,90.00
https://www.whiskyshop.com/glenmorangie-the-pioneering-collection,Glenmorangie The Pioneering Collection,35.00
https://www.whiskyshop.com/highland-park-the-dark,Highland Park The Dark,190.00
https://www.whiskyshop.com/authors-series-jura-1992-washington-irving,Authors' Series Jura 1992 Washington Irving,380.00
https://www.whiskyshop.com/bowmore-26-year-old-french-oak-barrique,Bowmore 26 Year Old French Oak Barrique,420.00
https://www.whiskyshop.com/old-malt-cask-highland-park-19-year-old,Old Malt Cask Highland Park 19 Year Old,299.00
https://www.whiskyshop.com/bowmore-vault-edition-1,Bowmore Vault Edition 1 ,from 99.00
https://www.whiskyshop.com/invergordon-50-year-old-the-sovereign,Invergordon 50 Year Old The Sovereign,849.00
https://www.whiskyshop.com/bruichladdich-1985-32-year-old,Bruichladdich 1985 32 Year Old,700.00
https://www.whiskyshop.com/first-editions-bunnahabhain-2007,First Editions Bunnahabhain 2007,77.00
https://www.whiskyshop.com/old-malt-cask-mortlach-10-year-old,Old Malt Cask Mortlach 10 Year Old,95.00
https://www.whiskyshop.com/the-glenlivet-nadurra-peated,The Glenlivet Nadurra Peated,70.00
https://www.whiskyshop.com/glenrothes-peated-cask-reserve,Glenrothes Peated Cask Reserve,45.00
https://www.whiskyshop.com/the-loch-fyne-the-living-cask-batch-5,The Loch Fyne - The Living Cask - Batch 5,45.00
https://www.whiskyshop.com/first-editions-talisker-2010,First Editions Talisker 2010,89.00
https://www.whiskyshop.com/bruichladdich-1984-32-year-old,Bruichladdich 1984 32 Year Old,700.00
https://www.whiskyshop.com/glenglassaugh-torfa,Glenglassaugh Torfa,53.00
https://www.whiskyshop.com/glenfiddich-excellence-26-year-old,Glenfiddich 26 Year Old Excellence ,375.00
https://www.whiskyshop.com/the-lost-distillery-co-jericho,The Lost Distillery Co. Jericho,50.00
https://www.whiskyshop.com/inchmurrin-taster-pack,Inchmurrin Taster Pack,28.00
https://www.whiskyshop.com/benriach-heart-of-speyside,BenRiach Heart of Speyside,40.00
https://www.whiskyshop.com/bowmore-devils-cask-iii,Bowmore Devil's Cask III,190.00
https://www.whiskyshop.com/the-loch-fyne-the-living-cask-batch-4,The Loch Fyne The Living Cask - Batch 4,45.00
https://www.whiskyshop.com/inchmoan-1992,Inchmoan 1992,230.00
https://www.whiskyshop.com/benromach-peat-smoke,Benromach Peat Smoke,45.95
https://www.whiskyshop.com/ancnoc-18-year-old,anCnoc 18 Year Old,74.50
https://www.whiskyshop.com/glen-grant-43-year-old-platinum-old-and-rare,Glen Grant 43 Year Old Platinum Old &amp; Rare,"1,000.00"
https://www.whiskyshop.com/the-loch-fyne-glentauchers-10-year-old,The Loch Fyne Glentauchers 10 Year Old,65.00
https://www.whiskyshop.com/old-malt-cask-craigellachie-20-year-old-20cl,Old Malt Cask Craigellachie 20 Year Old 20cl,57.00
https://www.whiskyshop.com/dalmore-constellation-1973-cask-10,Dalmore Constellation 1973 cask 10,"14,314.00"
https://www.whiskyshop.com/glenrothes-1976,Glenrothes 1976,"1,000.00"
https://www.whiskyshop.com/the-loch-fyne-craigellachie-10-year-old-2007,The Loch Fyne Craigellachie 10 Year Old 2007,70.00
https://www.whiskyshop.com/ancnoc-peatheart,anCnoc Peatheart,59.00
https://www.whiskyshop.com/inchmurrin-18-year-old,Inchmurrin 18 Year Old,80.00
https://www.whiskyshop.com/balblair-2005,Balblair 2005,56.00
https://www.whiskyshop.com/glen-scotia-25-year-old,Glen Scotia 25 Year Old,375.00
https://www.whiskyshop.com/the-loch-fyne-glenrothes-12-year-old,The Loch Fyne Glenrothes 12 Year Old,75.00
https://www.whiskyshop.com/first-editions-fettercairn-2008,First Editions Fettercairn 2008,70.00
https://www.whiskyshop.com/first-editions-mortlach-2007,First Editions Mortlach 2007,74.00
https://www.whiskyshop.com/laphroaig-triple-wood,Laphroaig Triple Wood,59.00
https://www.whiskyshop.com/highland-journey-blended-malt,Highland Journey Blended Malt,55.00
https://www.whiskyshop.com/auchentoshan-21-year-old,Auchentoshan 21 Year Old  ,143.00
https://www.whiskyshop.com/old-malt-cask-benrinnes-19-year-old,Old Malt Cask Benrinnes 19 Year Old,119.00
https://www.whiskyshop.com/inchmurrin-12-year-old,Loch Lomond Inchmurrin 12 Year Old,46.00
https://www.whiskyshop.com/the-loch-fyne-bunnahabhain-12-year-old,The Loch Fyne Bunnahabhain 12 Year Old,80.00
https://www.whiskyshop.com/glen-moray-25-year-old,Glen Moray 25 Year Old,175.00
https://www.whiskyshop.com/old-malt-cask-benrinnes-12-year-old-20cl,Old Malt Cask Benrinnes 12 Year Old 20cl,33.00
https://www.whiskyshop.com/craigellachie-23-year-old,Craigellachie 23 Year Old,395.00
https://www.whiskyshop.com/inchmurrin-madeira-wood-finish,Inchmurrin Madeira Wood Finish,55.00
https://www.whiskyshop.com/longmorn-distiller-s-choice,Longmorn Distiller's Choice,65.00
https://www.whiskyshop.com/glen-scotia-15-year-old,Glen Scotia 15 Year Old,63.00
https://www.whiskyshop.com/the-loch-fyne-aultmore-10-year-old,The Loch Fyne Aultmore 10 Year Old,65.00
https://www.whiskyshop.com/arran-18-year-old,Arran 18 Year Old,87.00
https://www.whiskyshop.com/first-editions-benrinnes-2005,First Editions Benrinnes 2005 12 Year Old,77.00
https://www.whiskyshop.com/isle-of-jura-prophecy,Isle of Jura Prophecy,68.00
https://www.whiskyshop.com/girvan-patent-still-25-year-old,Girvan Patent Still 25 year old,199.00
https://www.whiskyshop.com/dalmore-25-year-old-whisky,Dalmore 25 Year Old - 2018,875.00
https://www.whiskyshop.com/old-malt-cask-strathmill-21-year-old,Old Malt Cask Strathmill 21 Year Old,135.00
https://www.whiskyshop.com/port-ellen-1983-authors-series-alfred-tennyson,Port Ellen 1983 - Authors' Series - Alfred Tennyson,"2,800.00"
https://www.whiskyshop.com/probably-speyside-s-finest-50-year-old-platinum-old-rare,Probably Speyside's Finest 50 Year Old Platinum Old &amp; Rare,"2,000.00"
https://www.whiskyshop.com/tormore-1988-authors-series-frederick-douglass,Authors' Series Tormore 1988 Frederick Douglass,400.00
https://www.whiskyshop.com/cragganmore,Cragganmore 2016 Special Release,400.00
https://www.whiskyshop.com/bunnahabhain-18-year-old,Bunnahabhain 18 Year Old,from 125.00
https://www.whiskyshop.com/bruichladdich-the-classic-laddie-scottish-barley,Bruichladdich The Classic Laddie Scottish Barley,52.00
https://www.whiskyshop.com/glen-elgin-18-year-old-2017-special-release,Glen Elgin 18 Year Old 2017 Special Release,300.00
https://www.whiskyshop.com/the-loch-fyne-honey-ginger-liqueur,The Loch Fyne Honey &amp; Ginger Liqueur,from 29.00
https://www.whiskyshop.com/old-malt-cask-mortlach-8-year-old-20cl,Old Malt Cask Mortlach 8 Year Old 20cl,31.00
https://www.whiskyshop.com/kininvie-23-year-old-batch-3,Kininvie 23 Year Old Batch 3,110.00
https://www.whiskyshop.com/highland-park-12-gift-pack,Highland Park 12 Year Old Gift Pack,40.00
https://www.whiskyshop.com/strathmill-25-year-old,Strathmill 25 Year Old 2014 Special Release,275.00
https://www.whiskyshop.com/aultmore-25-year-old-limited-edition,Aultmore 25 year old Limited Edition,365.00
https://www.whiskyshop.com/loch-lomond-12-year-old,Loch Lomond 12 Year Old ,from 45.00
https://www.whiskyshop.com/the-loch-fyne-bunnahabhain-14-year-old,Loch Fyne Bunnahabhain 14 Year Old,95.00
https://www.whiskyshop.com/ballantines-17-year-old,Ballantine's 17 Year Old,70.00
https://www.whiskyshop.com/old-fashioned-cocktail-bundle,Old Fashioned Cocktail Bundle,
https://www.whiskyshop.com/bunnahabhain-12-year-old-old-malt-cask,Bunnahabhain 12 year old Old Malt Cask,110.00
https://www.whiskyshop.com/laphroaig-first-edition-11-year-old,Laphroaig First Edition 11 year old ,143.00
https://www.whiskyshop.com/old-malt-cask-craigellachie-12-year-old-20cl,Old Malt Cask Craigellachie 12 Year Old 20cl,29.00
https://www.whiskyshop.com/fettercairn-7-year-old-old-malt-cask-with-glass-gift-pack,Fettercairn 7 Year Old Old Malt Cask with glass gift pack,39.00
https://www.whiskyshop.com/the-cally-1974-caledonian-40-year-old-2015-special-release,The Cally 1974 'Caledonian' 40 Year Old 2015 Special Release,800.00
https://www.whiskyshop.com/glenmorangie-original,Glenmorangie Original,45.00
https://www.whiskyshop.com/the-black-grouse,The Black Grouse ,28.00
https://www.whiskyshop.com/glenfarclas-1966,Glenfarclas 1966,"3,999.00"
https://www.whiskyshop.com/glenfarclas-1972,Glenfarclas 1972 ,"2,700.00"
https://www.whiskyshop.com/glenfarclas-1969,Glenfarclas 1969,"3,999.00"
https://www.whiskyshop.com/glenfarclas-1964,Glenfarclas 1964,"3,999.00"
https://www.whiskyshop.com/old-pulteney-stroma-liqueur,Old Pulteney Stroma Liqueur ,29.00
https://www.whiskyshop.com/glayva,Glayva ,
